Ingredients,Data connection point,Products
A very delicious and ripe banana1,Banana,Banana1
A very delicious and ripe banana2,,Banana2
A very delicious and ripe banana3,,Banana3
A very delicious and ripe banana4,,Organic Banana1
A very delicious and ripe banana5,,
A very delicious and ripe banana6,,
A very delicious and ripe banana7,,
A very delicious and ripe banana8,,
A very delicious and ripe banana9,,
A very delicious and ripe banana10,,
A very delicious and ripe banana11,,
A very delicious and ripe banana12,,
A very delicious and ripe banana13,,
A very delicious and ripe banana14,,
A very delicious and ripe banana15,,
A very delicious and ripe banana16,,
A very delicious and ripe banana17,,
A very delicious and ripe banana18,,
A very delicious and ripe banana19,,
A very delicious and ripe banana20,,
A very delicious and ripe banana21,,
A very delicious and ripe banana22,,
A very delicious and ripe banana23,,
A very delicious and ripe banana24,,
A very delicious and ripe banana25,,
A very delicious and ripe banana26,,
A very delicious and ripe banana27,,
A very delicious and ripe banana28,,
A very delicious and ripe banana29,,
A very delicious and ripe banana30,,
A very delicious and ripe banana31,,
A very delicious and ripe banana32,,
A very delicious and ripe banana33,,
A very delicious and ripe banana34,,
A very delicious and ripe banana35,,
A very delicious and ripe banana36,,
A very delicious and ripe banana37,,
A very delicious and ripe banana38,,
A very delicious and ripe banana39,,
A very delicious and ripe banana40,,
A very delicious and ripe banana41,,
A very delicious and ripe banana42,,
A very delicious and ripe banana43,,
A very delicious and ripe banana44,,
A very delicious and ripe banana45,,
A very delicious and ripe banana46,,
A very delicious and ripe banana47,,
A very delicious and ripe banana48,,
A very delicious and ripe banana49,,
A very delicious and ripe banana50,,
A very delicious and ripe banana51,,
A very delicious and ripe banana52,,
A very delicious and ripe banana53,,
A very delicious and ripe banana54,,
A very delicious and ripe banana55,,
A very delicious and ripe banana56,,
A very delicious and ripe banana57,,
A very delicious and ripe banana58,,
A very delicious and ripe banana59,,
A very delicious and ripe banana60,,
A very delicious and ripe banana61,,
A very delicious and ripe banana62,,
A very delicious and ripe banana63,,
A very delicious and ripe banana64,,
A very delicious and ripe banana65,,
A very delicious and ripe banana66,,
A very delicious and ripe banana67,,
A very delicious and ripe banana68,,
A very delicious and ripe banana69,,
A very delicious and ripe banana70,,
A very delicious and ripe banana71,,
A very delicious and ripe banana72,,
A very delicious and ripe banana73,,
A very delicious and ripe banana74,,
A very delicious and ripe banana75,,
A very delicious and ripe banana76,,
A very delicious and ripe banana77,,
A very delicious and ripe banana78,,
A very delicious and ripe banana79,,
A very delicious and ripe banana80,,
A very delicious and ripe banana81,,
A very delicious and ripe banana82,,
A very delicious and ripe banana83,,
A very delicious and ripe banana84,,
A very delicious and ripe banana85,,
A very delicious and ripe banana86,,
A very delicious and ripe banana87,,
A very delicious and ripe banana88,,
A very delicious and ripe banana89,,
A very delicious and ripe banana90,,
A very delicious and ripe banana91,,
A very delicious and ripe banana92,,
A very delicious and ripe banana93,,
A very delicious and ripe banana94,,
A very delicious and ripe banana95,,
A very delicious and ripe banana96,,
A very delicious and ripe banana97,,
A very delicious and ripe banana98,,
A very delicious and ripe banana99,,
A very delicious and ripe banana100,,
A very delicious and ripe banana101,,
A very delicious and ripe banana102,,
A very delicious and ripe banana103,,
A very delicious and ripe banana104,,
A very delicious and ripe banana105,,
A very delicious and ripe banana106,,
A very delicious and ripe banana107,,
A very delicious and ripe banana108,,
A very delicious and ripe banana109,,
A very delicious and ripe banana110,,
A very delicious and ripe banana111,,
A very delicious and ripe banana112,,
A very delicious and ripe banana113,,
A very delicious and ripe banana114,,
A very delicious and ripe banana115,,
A very delicious and ripe banana116,,
A very delicious and ripe banana117,,
A very delicious and ripe banana118,,
A very delicious and ripe banana119,,
A very delicious and ripe banana120,,
A very delicious and ripe banana121,,
A very delicious and ripe banana122,,
A very delicious and ripe banana123,,
A very delicious and ripe banana124,,
A very delicious and ripe banana125,,
A very delicious and ripe banana126,,
A very delicious and ripe banana127,,
A very delicious and ripe banana128,,
A very delicious and ripe banana129,,
A very delicious and ripe banana130,,
A very delicious and ripe banana131,,
A very delicious and ripe banana132,,
A very delicious and ripe banana133,,
A very delicious and ripe banana134,,
A very delicious and ripe banana135,,
A very delicious and ripe banana136,,
A very delicious and ripe banana137,,
A very delicious and ripe banana138,,
A very delicious and ripe banana139,,
A very delicious and ripe banana140,,
A very delicious and ripe banana141,,
A very delicious and ripe banana142,,
A very delicious and ripe banana143,,
A very delicious and ripe banana144,,
A very delicious and ripe banana145,,
A very delicious and ripe banana146,,
A very delicious and ripe banana147,,
A very delicious and ripe banana148,,
A very delicious and ripe banana149,,
A very delicious and ripe banana150,,
A very delicious and ripe banana151,,
A very delicious and ripe banana152,,
A very delicious and ripe banana153,,
A very delicious and ripe banana154,,
A very delicious and ripe banana155,,
A very delicious and ripe banana156,,
A very delicious and ripe banana157,,
A very delicious and ripe banana158,,
A very delicious and ripe banana159,,
A very delicious and ripe banana160,,
A very delicious and ripe banana161,,
A very delicious and ripe banana162,,
A very delicious and ripe banana163,,
A very delicious and ripe banana164,,
A very delicious and ripe banana165,,
A very delicious and ripe banana166,,
A very delicious and ripe banana167,,
A very delicious and ripe banana168,,
A very delicious and ripe banana169,,
A very delicious and ripe banana170,,
A very delicious and ripe banana171,,
A very delicious and ripe banana172,,
A very delicious and ripe banana173,,
A very delicious and ripe banana174,,
A very delicious and ripe banana175,,
A very delicious and ripe banana176,,
A very delicious and ripe banana177,,
A very delicious and ripe banana178,,
A very delicious and ripe banana179,,
A very delicious and ripe banana180,,
A very delicious and ripe banana181,,
A very delicious and ripe banana182,,
A very delicious and ripe banana183,,
A very delicious and ripe banana184,,
A very delicious and ripe banana185,,
A very delicious and ripe banana186,,
A very delicious and ripe banana187,,
A very delicious and ripe banana188,,
A very delicious and ripe banana189,,
A very delicious and ripe banana190,,
A very delicious and ripe banana191,,
A very delicious and ripe banana192,,
A very delicious and ripe banana193,,
A very delicious and ripe banana194,,
A very delicious and ripe banana195,,
A very delicious and ripe banana196,,
A very delicious and ripe banana197,,
A very delicious and ripe banana198,,
A very delicious and ripe banana199,,
A very delicious and ripe banana200,,
A very delicious and ripe banana201,,
A very delicious and ripe banana202,,
A very delicious and ripe banana203,,
A very delicious and ripe banana204,,
A very delicious and ripe banana205,,
A very delicious and ripe banana206,,
A very delicious and ripe banana207,,
A very delicious and ripe banana208,,
A very delicious and ripe banana209,,
A very delicious and ripe banana210,,
A very delicious and ripe banana211,,
A very delicious and ripe banana212,,
A very delicious and ripe banana213,,
A very delicious and ripe banana214,,
A very delicious and ripe banana215,,
A very delicious and ripe banana216,,
A very delicious and ripe banana217,,
A very delicious and ripe banana218,,
A very delicious and ripe banana219,,
A very delicious and ripe banana220,,
A very delicious and ripe banana221,,
A very delicious and ripe banana222,,
A very delicious and ripe banana223,,
A very delicious and ripe banana224,,
A very delicious and ripe banana225,,
A very delicious and ripe banana226,,
A very delicious and ripe banana227,,
A very delicious and ripe banana228,,
A very delicious and ripe banana229,,
A very delicious and ripe banana230,,
A very delicious and ripe banana231,,
A very delicious and ripe banana232,,
A very delicious and ripe banana233,,
A very delicious and ripe banana234,,
A very delicious and ripe banana235,,
A very delicious and ripe banana236,,
A very delicious and ripe banana237,,
A very delicious and ripe banana238,,
A very delicious and ripe banana239,,
A very delicious and ripe banana240,,
A very delicious and ripe banana241,,
A very delicious and ripe banana242,,
A very delicious and ripe banana243,,
A very delicious and ripe banana244,,
A very delicious and ripe banana245,,
A very delicious and ripe banana246,,
A very delicious and ripe banana247,,
A very delicious and ripe banana248,,
A very delicious and ripe banana249,,
A very delicious and ripe banana250,,
A very delicious and ripe banana251,,
A very delicious and ripe banana252,,
A very delicious and ripe banana253,,
A very delicious and ripe banana254,,
A very delicious and ripe banana255,,
A very delicious and ripe banana256,,
A very delicious and ripe banana257,,
A very delicious and ripe banana258,,
A very delicious and ripe banana259,,
A very delicious and ripe banana260,,
A very delicious and ripe banana261,,
A very delicious and ripe banana262,,
A very delicious and ripe banana263,,
A very delicious and ripe banana264,,
A very delicious and ripe banana265,,
A very delicious and ripe banana266,,
A very delicious and ripe banana267,,
A very delicious and ripe banana268,,
A very delicious and ripe banana269,,
A very delicious and ripe banana270,,
A very delicious and ripe banana271,,
A very delicious and ripe banana272,,
A very delicious and ripe banana273,,
A very delicious and ripe banana274,,
A very delicious and ripe banana275,,
A very delicious and ripe banana276,,
A very delicious and ripe banana277,,
A very delicious and ripe banana278,,
A very delicious and ripe banana279,,
A very delicious and ripe banana280,,
A very delicious and ripe banana281,,
A very delicious and ripe banana282,,
A very delicious and ripe banana283,,
A very delicious and ripe banana284,,
A very delicious and ripe banana285,,
A very delicious and ripe banana286,,
A very delicious and ripe banana287,,
A very delicious and ripe banana288,,
A very delicious and ripe banana289,,
A very delicious and ripe banana290,,
A very delicious and ripe banana291,,
A very delicious and ripe banana292,,
A very delicious and ripe banana293,,
A very delicious and ripe banana294,,
A very delicious and ripe banana295,,
A very delicious and ripe banana296,,
A very delicious and ripe banana297,,
A very delicious and ripe banana298,,
A very delicious and ripe banana299,,
A very delicious and ripe banana300,,
A very delicious and ripe banana301,,
A very delicious and ripe banana302,,
A very delicious and ripe banana303,,
A very delicious and ripe banana304,,
A very delicious and ripe banana305,,
A very delicious and ripe banana306,,
A very delicious and ripe banana307,,
A very delicious and ripe banana308,,
A very delicious and ripe banana309,,
A very delicious and ripe banana310,,
A very delicious and ripe banana311,,
A very delicious and ripe banana312,,
A very delicious and ripe banana313,,
A very delicious and ripe banana314,,
A very delicious and ripe banana315,,
A very delicious and ripe banana316,,
A very delicious and ripe banana317,,
A very delicious and ripe banana318,,
A very delicious and ripe banana319,,
A very delicious and ripe banana320,,
A very delicious and ripe banana321,,
A very delicious and ripe banana322,,
A very delicious and ripe banana323,,
A very delicious and ripe banana324,,
A very delicious and ripe banana325,,
A very delicious and ripe banana326,,
A very delicious and ripe banana327,,
A very delicious and ripe banana328,,
A very delicious and ripe banana329,,
A very delicious and ripe banana330,,
A very delicious and ripe banana331,,
A very delicious and ripe banana332,,
A very delicious and ripe banana333,,
A very delicious and ripe banana334,,
A very delicious and ripe banana335,,
A very delicious and ripe banana336,,
A very delicious and ripe banana337,,
A very delicious and ripe banana338,,
A very delicious and ripe banana339,,
A very delicious and ripe banana340,,
A very delicious and ripe banana341,,
A very delicious and ripe banana342,,
A very delicious and ripe banana343,,
A very delicious and ripe banana344,,
A very delicious and ripe banana345,,
A very delicious and ripe banana346,,
A very delicious and ripe banana347,,
A very delicious and ripe banana348,,
A very delicious and ripe banana349,,
A very delicious and ripe banana350,,
A very delicious and ripe banana351,,
A very delicious and ripe banana352,,
A very delicious and ripe banana353,,
A very delicious and ripe banana354,,
A very delicious and ripe banana355,,
A very delicious and ripe banana356,,
A very delicious and ripe banana357,,
A very delicious and ripe banana358,,
A very delicious and ripe banana359,,
A very delicious and ripe banana360,,
A very delicious and ripe banana361,,
A very delicious and ripe banana362,,
A very delicious and ripe banana363,,
A very delicious and ripe banana364,,
A very delicious and ripe banana365,,
A very delicious and ripe banana366,,
A very delicious and ripe banana367,,
A very delicious and ripe banana368,,
A very delicious and ripe banana369,,
A very delicious and ripe banana370,,
A very delicious and ripe banana371,,
A very delicious and ripe banana372,,
A very delicious and ripe banana373,,
A very delicious and ripe banana374,,
A very delicious and ripe banana375,,
A very delicious and ripe banana376,,
A very delicious and ripe banana377,,
A very delicious and ripe banana378,,
A very delicious and ripe banana379,,
A very delicious and ripe banana380,,
A very delicious and ripe banana381,,
A very delicious and ripe banana382,,
A very delicious and ripe banana383,,
A very delicious and ripe banana384,,
A very delicious and ripe banana385,,
A very delicious and ripe banana386,,
A very delicious and ripe banana387,,
A very delicious and ripe banana388,,
A very delicious and ripe banana389,,
A very delicious and ripe banana390,,
A very delicious and ripe banana391,,
A very delicious and ripe banana392,,
A very delicious and ripe banana393,,
A very delicious and ripe banana394,,
A very delicious and ripe banana395,,
A very delicious and ripe banana396,,
A very delicious and ripe banana397,,
A very delicious and ripe banana398,,
A very delicious and ripe banana399,,
A very delicious and ripe banana400,,
A very delicious and ripe banana401,,
A very delicious and ripe banana402,,
A very delicious and ripe banana403,,
A very delicious and ripe banana404,,
A very delicious and ripe banana405,,
A very delicious and ripe banana406,,
A very delicious and ripe banana407,,
A very delicious and ripe banana408,,
A very delicious and ripe banana409,,
A very delicious and ripe banana410,,
A very delicious and ripe banana411,,
A very delicious and ripe banana412,,
A very delicious and ripe banana413,,
A very delicious and ripe banana414,,
A very delicious and ripe banana415,,
A very delicious and ripe banana416,,
A very delicious and ripe banana417,,
A very delicious and ripe banana418,,
A very delicious and ripe banana419,,
A very delicious and ripe banana420,,
A very delicious and ripe banana421,,
A very delicious and ripe banana422,,
A very delicious and ripe banana423,,
A very delicious and ripe banana424,,
A very delicious and ripe banana425,,
A very delicious and ripe banana426,,
A very delicious and ripe banana427,,
A very delicious and ripe banana428,,
A very delicious and ripe banana429,,
A very delicious and ripe banana430,,
A very delicious and ripe banana431,,
A very delicious and ripe banana432,,
A very delicious and ripe banana433,,
A very delicious and ripe banana434,,
A very delicious and ripe banana435,,
A very delicious and ripe banana436,,
A very delicious and ripe banana437,,
A very delicious and ripe banana438,,
A very delicious and ripe banana439,,
A very delicious and ripe banana440,,
A very delicious and ripe banana441,,
A very delicious and ripe banana442,,
A very delicious and ripe banana443,,
A very delicious and ripe banana444,,
A very delicious and ripe banana445,,
A very delicious and ripe banana446,,
A very delicious and ripe banana447,,
A very delicious and ripe banana448,,
A very delicious and ripe banana449,,
A very delicious and ripe banana450,,
A very delicious and ripe banana451,,
A very delicious and ripe banana452,,
A very delicious and ripe banana453,,
A very delicious and ripe banana454,,
A very delicious and ripe banana455,,
A very delicious and ripe banana456,,
A very delicious and ripe banana457,,
A very delicious and ripe banana458,,
A very delicious and ripe banana459,,
A very delicious and ripe banana460,,
A very delicious and ripe banana461,,
A very delicious and ripe banana462,,
A very delicious and ripe banana463,,
A very delicious and ripe banana464,,
A very delicious and ripe banana465,,
A very delicious and ripe banana466,,
A very delicious and ripe banana467,,
A very delicious and ripe banana468,,
A very delicious and ripe banana469,,
A very delicious and ripe banana470,,
A very delicious and ripe banana471,,
A very delicious and ripe banana472,,
A very delicious and ripe banana473,,
A very delicious and ripe banana474,,
A very delicious and ripe banana475,,
A very delicious and ripe banana476,,
A very delicious and ripe banana477,,
A very delicious and ripe banana478,,
A very delicious and ripe banana479,,
A very delicious and ripe banana480,,
A very delicious and ripe banana481,,
A very delicious and ripe banana482,,
A very delicious and ripe banana483,,
A very delicious and ripe banana484,,
A very delicious and ripe banana485,,
A very delicious and ripe banana486,,
A very delicious and ripe banana487,,
A very delicious and ripe banana488,,
A very delicious and ripe banana489,,
A very delicious and ripe banana490,,
A very delicious and ripe banana491,,
A very delicious and ripe banana492,,
A very delicious and ripe banana493,,
A very delicious and ripe banana494,,
A very delicious and ripe banana495,,
A very delicious and ripe banana496,,
A very delicious and ripe banana497,,
A very delicious and ripe banana498,,
A very delicious and ripe banana499,,
A very delicious and ripe banana500,,
A very delicious and ripe banana501,,
A very delicious and ripe banana502,,
A very delicious and ripe banana503,,
A very delicious and ripe banana504,,
A very delicious and ripe banana505,,
A very delicious and ripe banana506,,
A very delicious and ripe banana507,,
A very delicious and ripe banana508,,
A very delicious and ripe banana509,,
A very delicious and ripe banana510,,
A very delicious and ripe banana511,,
A very delicious and ripe banana512,,
A very delicious and ripe banana513,,
A very delicious and ripe banana514,,
A very delicious and ripe banana515,,
A very delicious and ripe banana516,,
A very delicious and ripe banana517,,
A very delicious and ripe banana518,,
A very delicious and ripe banana519,,
A very delicious and ripe banana520,,
A very delicious and ripe banana521,,
A very delicious and ripe banana522,,
A very delicious and ripe banana523,,
A very delicious and ripe banana524,,
A very delicious and ripe banana525,,
A very delicious and ripe banana526,,
A very delicious and ripe banana527,,
A very delicious and ripe banana528,,
A very delicious and ripe banana529,,
A very delicious and ripe banana530,,
A very delicious and ripe banana531,,
A very delicious and ripe banana532,,
A very delicious and ripe banana533,,
A very delicious and ripe banana534,,
A very delicious and ripe banana535,,
A very delicious and ripe banana536,,
A very delicious and ripe banana537,,
A very delicious and ripe banana538,,
A very delicious and ripe banana539,,
A very delicious and ripe banana540,,
A very delicious and ripe banana541,,
A very delicious and ripe banana542,,
A very delicious and ripe banana543,,
A very delicious and ripe banana544,,
A very delicious and ripe banana545,,
A very delicious and ripe banana546,,
A very delicious and ripe banana547,,
A very delicious and ripe banana548,,
A very delicious and ripe banana549,,
A very delicious and ripe banana550,,
A very delicious and ripe banana551,,
A very delicious and ripe banana552,,
A very delicious and ripe banana553,,
A very delicious and ripe banana554,,
A very delicious and ripe banana555,,
A very delicious and ripe banana556,,
A very delicious and ripe banana557,,
A very delicious and ripe banana558,,
A very delicious and ripe banana559,,
A very delicious and ripe banana560,,
A very delicious and ripe banana561,,
A very delicious and ripe banana562,,
A very delicious and ripe banana563,,
A very delicious and ripe banana564,,
A very delicious and ripe banana565,,
A very delicious and ripe banana566,,
A very delicious and ripe banana567,,
A very delicious and ripe banana568,,
A very delicious and ripe banana569,,
A very delicious and ripe banana570,,
A very delicious and ripe banana571,,
A very delicious and ripe banana572,,
A very delicious and ripe banana573,,
A very delicious and ripe banana574,,
A very delicious and ripe banana575,,
A very delicious and ripe banana576,,
A very delicious and ripe banana577,,
A very delicious and ripe banana578,,
A very delicious and ripe banana579,,
A very delicious and ripe banana580,,
A very delicious and ripe banana581,,
A very delicious and ripe banana582,,
A very delicious and ripe banana583,,
A very delicious and ripe banana584,,
A very delicious and ripe banana585,,
A very delicious and ripe banana586,,
A very delicious and ripe banana587,,
A very delicious and ripe banana588,,
A very delicious and ripe banana589,,
A very delicious and ripe banana590,,
A very delicious and ripe banana591,,
A very delicious and ripe banana592,,
A very delicious and ripe banana593,,
A very delicious and ripe banana594,,
A very delicious and ripe banana595,,
A very delicious and ripe banana596,,
A very delicious and ripe banana597,,
A very delicious and ripe banana598,,
A very delicious and ripe banana599,,
A very delicious and ripe banana600,,
A very delicious and ripe banana601,,
A very delicious and ripe banana602,,
A very delicious and ripe banana603,,
A very delicious and ripe banana604,,
A very delicious and ripe banana605,,
A very delicious and ripe banana606,,
A very delicious and ripe banana607,,
A very delicious and ripe banana608,,
A very delicious and ripe banana609,,
A very delicious and ripe banana610,,
A very delicious and ripe banana611,,
A very delicious and ripe banana612,,
A very delicious and ripe banana613,,
A very delicious and ripe banana614,,
A very delicious and ripe banana615,,
A very delicious and ripe banana616,,
A very delicious and ripe banana617,,
A very delicious and ripe banana618,,
A very delicious and ripe banana619,,
A very delicious and ripe banana620,,
A very delicious and ripe banana621,,
A very delicious and ripe banana622,,
A very delicious and ripe banana623,,
A very delicious and ripe banana624,,
A very delicious and ripe banana625,,
A very delicious and ripe banana626,,
A very delicious and ripe banana627,,
A very delicious and ripe banana628,,
A very delicious and ripe banana629,,
A very delicious and ripe banana630,,
A very delicious and ripe banana631,,
A very delicious and ripe banana632,,
A very delicious and ripe banana633,,
A very delicious and ripe banana634,,
A very delicious and ripe banana635,,
A very delicious and ripe banana636,,
A very delicious and ripe banana637,,
A very delicious and ripe banana638,,
A very delicious and ripe banana639,,
A very delicious and ripe banana640,,
A very delicious and ripe banana641,,
A very delicious and ripe banana642,,
A very delicious and ripe banana643,,
A very delicious and ripe banana644,,
A very delicious and ripe banana645,,
A very delicious and ripe banana646,,
A very delicious and ripe banana647,,
A very delicious and ripe banana648,,
A very delicious and ripe banana649,,
A very delicious and ripe banana650,,
A very delicious and ripe banana651,,
A very delicious and ripe banana652,,
A very delicious and ripe banana653,,
A very delicious and ripe banana654,,
A very delicious and ripe banana655,,
A very delicious and ripe banana656,,
A very delicious and ripe banana657,,
A very delicious and ripe banana658,,
A very delicious and ripe banana659,,
A very delicious and ripe banana660,,
A very delicious and ripe banana661,,
A very delicious and ripe banana662,,
A very delicious and ripe banana663,,
A very delicious and ripe banana664,,
A very delicious and ripe banana665,,
A very delicious and ripe banana666,,
A very delicious and ripe banana667,,
A very delicious and ripe banana668,,
A very delicious and ripe banana669,,
A very delicious and ripe banana670,,
A very delicious and ripe banana671,,
A very delicious and ripe banana672,,
A very delicious and ripe banana673,,
A very delicious and ripe banana674,,
A very delicious and ripe banana675,,
A very delicious and ripe banana676,,
A very delicious and ripe banana677,,
A very delicious and ripe banana678,,
A very delicious and ripe banana679,,
A very delicious and ripe banana680,,
A very delicious and ripe banana681,,
A very delicious and ripe banana682,,
A very delicious and ripe banana683,,
A very delicious and ripe banana684,,
A very delicious and ripe banana685,,
A very delicious and ripe banana686,,
A very delicious and ripe banana687,,
A very delicious and ripe banana688,,
A very delicious and ripe banana689,,
A very delicious and ripe banana690,,
A very delicious and ripe banana691,,
A very delicious and ripe banana692,,
A very delicious and ripe banana693,,
A very delicious and ripe banana694,,
A very delicious and ripe banana695,,
A very delicious and ripe banana696,,
A very delicious and ripe banana697,,
A very delicious and ripe banana698,,
A very delicious and ripe banana699,,
A very delicious and ripe banana700,,
A very delicious and ripe banana701,,
A very delicious and ripe banana702,,
A very delicious and ripe banana703,,
A very delicious and ripe banana704,,
A very delicious and ripe banana705,,
A very delicious and ripe banana706,,
A very delicious and ripe banana707,,
A very delicious and ripe banana708,,
A very delicious and ripe banana709,,
A very delicious and ripe banana710,,
A very delicious and ripe banana711,,
A very delicious and ripe banana712,,
A very delicious and ripe banana713,,
A very delicious and ripe banana714,,
A very delicious and ripe banana715,,
A very delicious and ripe banana716,,
A very delicious and ripe banana717,,
A very delicious and ripe banana718,,
A very delicious and ripe banana719,,
A very delicious and ripe banana720,,
A very delicious and ripe banana721,,
A very delicious and ripe banana722,,
A very delicious and ripe banana723,,
A very delicious and ripe banana724,,
A very delicious and ripe banana725,,
A very delicious and ripe banana726,,
A very delicious and ripe banana727,,
A very delicious and ripe banana728,,
A very delicious and ripe banana729,,
A very delicious and ripe banana730,,
A very delicious and ripe banana731,,
A very delicious and ripe banana732,,
A very delicious and ripe banana733,,
A very delicious and ripe banana734,,
A very delicious and ripe banana735,,
A very delicious and ripe banana736,,
A very delicious and ripe banana737,,
A very delicious and ripe banana738,,
A very delicious and ripe banana739,,
A very delicious and ripe banana740,,
A very delicious and ripe banana741,,
A very delicious and ripe banana742,,
A very delicious and ripe banana743,,
A very delicious and ripe banana744,,
A very delicious and ripe banana745,,
A very delicious and ripe banana746,,
A very delicious and ripe banana747,,
A very delicious and ripe banana748,,
A very delicious and ripe banana749,,
A very delicious and ripe banana750,,
A very delicious and ripe banana751,,
A very delicious and ripe banana752,,
A very delicious and ripe banana753,,
A very delicious and ripe banana754,,
A very delicious and ripe banana755,,
A very delicious and ripe banana756,,
A very delicious and ripe banana757,,
A very delicious and ripe banana758,,
A very delicious and ripe banana759,,
A very delicious and ripe banana760,,
A very delicious and ripe banana761,,
A very delicious and ripe banana762,,
A very delicious and ripe banana763,,
A very delicious and ripe banana764,,
A very delicious and ripe banana765,,
A very delicious and ripe banana766,,
A very delicious and ripe banana767,,
A very delicious and ripe banana768,,
A very delicious and ripe banana769,,
A very delicious and ripe banana770,,
A very delicious and ripe banana771,,
A very delicious and ripe banana772,,
A very delicious and ripe banana773,,
A very delicious and ripe banana774,,
A very delicious and ripe banana775,,
A very delicious and ripe banana776,,
A very delicious and ripe banana777,,
A very delicious and ripe banana778,,
A very delicious and ripe banana779,,
A very delicious and ripe banana780,,
A very delicious and ripe banana781,,
A very delicious and ripe banana782,,
A very delicious and ripe banana783,,
A very delicious and ripe banana784,,
A very delicious and ripe banana785,,
A very delicious and ripe banana786,,
A very delicious and ripe banana787,,
A very delicious and ripe banana788,,
A very delicious and ripe banana789,,
A very delicious and ripe banana790,,
A very delicious and ripe banana791,,
A very delicious and ripe banana792,,
A very delicious and ripe banana793,,
A very delicious and ripe banana794,,
A very delicious and ripe banana795,,
A very delicious and ripe banana796,,
A very delicious and ripe banana797,,
A very delicious and ripe banana798,,
A very delicious and ripe banana799,,
A very delicious and ripe banana800,,
A very delicious and ripe banana801,,
A very delicious and ripe banana802,,
A very delicious and ripe banana803,,
A very delicious and ripe banana804,,
A very delicious and ripe banana805,,
A very delicious and ripe banana806,,
A very delicious and ripe banana807,,
A very delicious and ripe banana808,,
A very delicious and ripe banana809,,
A very delicious and ripe banana810,,
A very delicious and ripe banana811,,
A very delicious and ripe banana812,,
A very delicious and ripe banana813,,
A very delicious and ripe banana814,,
A very delicious and ripe banana815,,
A very delicious and ripe banana816,,
A very delicious and ripe banana817,,
A very delicious and ripe banana818,,
A very delicious and ripe banana819,,
A very delicious and ripe banana820,,
A very delicious and ripe banana821,,
A very delicious and ripe banana822,,
A very delicious and ripe banana823,,
A very delicious and ripe banana824,,
A very delicious and ripe banana825,,
A very delicious and ripe banana826,,
A very delicious and ripe banana827,,
A very delicious and ripe banana828,,
A very delicious and ripe banana829,,
A very delicious and ripe banana830,,
A very delicious and ripe banana831,,
A very delicious and ripe banana832,,
A very delicious and ripe banana833,,
A very delicious and ripe banana834,,
A very delicious and ripe banana835,,
A very delicious and ripe banana836,,
A very delicious and ripe banana837,,
A very delicious and ripe banana838,,
A very delicious and ripe banana839,,
A very delicious and ripe banana840,,
A very delicious and ripe banana841,,
A very delicious and ripe banana842,,
A very delicious and ripe banana843,,
A very delicious and ripe banana844,,
A very delicious and ripe banana845,,
A very delicious and ripe banana846,,
A very delicious and ripe banana847,,
A very delicious and ripe banana848,,
A very delicious and ripe banana849,,
A very delicious and ripe banana850,,
A very delicious and ripe banana851,,
A very delicious and ripe banana852,,
A very delicious and ripe banana853,,
A very delicious and ripe banana854,,
A very delicious and ripe banana855,,
A very delicious and ripe banana856,,
A very delicious and ripe banana857,,
A very delicious and ripe banana858,,
A very delicious and ripe banana859,,
A very delicious and ripe banana860,,
A very delicious and ripe banana861,,
A very delicious and ripe banana862,,
A very delicious and ripe banana863,,
A very delicious and ripe banana864,,
A very delicious and ripe banana865,,
A very delicious and ripe banana866,,
A very delicious and ripe banana867,,
A very delicious and ripe banana868,,
A very delicious and ripe banana869,,
A very delicious and ripe banana870,,
A very delicious and ripe banana871,,
A very delicious and ripe banana872,,
A very delicious and ripe banana873,,
A very delicious and ripe banana874,,
A very delicious and ripe banana875,,
A very delicious and ripe banana876,,
A very delicious and ripe banana877,,
A very delicious and ripe banana878,,
A very delicious and ripe banana879,,
A very delicious and ripe banana880,,
A very delicious and ripe banana881,,
A very delicious and ripe banana882,,
A very delicious and ripe banana883,,
A very delicious and ripe banana884,,
A very delicious and ripe banana885,,
A very delicious and ripe banana886,,
A very delicious and ripe banana887,,
A very delicious and ripe banana888,,
A very delicious and ripe banana889,,
A very delicious and ripe banana890,,
A very delicious and ripe banana891,,
A very delicious and ripe banana892,,
A very delicious and ripe banana893,,
A very delicious and ripe banana894,,
A very delicious and ripe banana895,,
A very delicious and ripe banana896,,
A very delicious and ripe banana897,,
A very delicious and ripe banana898,,
A very delicious and ripe banana899,,
A very delicious and ripe banana900,,
A very delicious and ripe banana901,,
A very delicious and ripe banana902,,
A very delicious and ripe banana903,,
A very delicious and ripe banana904,,
A very delicious and ripe banana905,,
A very delicious and ripe banana906,,
A very delicious and ripe banana907,,
A very delicious and ripe banana908,,
A very delicious and ripe banana909,,
A very delicious and ripe banana910,,
A very delicious and ripe banana911,,
A very delicious and ripe banana912,,
A very delicious and ripe banana913,,
A very delicious and ripe banana914,,
A very delicious and ripe banana915,,
A very delicious and ripe banana916,,
A very delicious and ripe banana917,,
A very delicious and ripe banana918,,
A very delicious and ripe banana919,,
A very delicious and ripe banana920,,
A very delicious and ripe banana921,,
A very delicious and ripe banana922,,
A very delicious and ripe banana923,,
A very delicious and ripe banana924,,
A very delicious and ripe banana925,,
A very delicious and ripe banana926,,
A very delicious and ripe banana927,,
A very delicious and ripe banana928,,
A very delicious and ripe banana929,,
A very delicious and ripe banana930,,
A very delicious and ripe banana931,,
A very delicious and ripe banana932,,
A very delicious and ripe banana933,,
A very delicious and ripe banana934,,
A very delicious and ripe banana935,,
A very delicious and ripe banana936,,
A very delicious and ripe banana937,,
A very delicious and ripe banana938,,
A very delicious and ripe banana939,,
A very delicious and ripe banana940,,
A very delicious and ripe banana941,,
A very delicious and ripe banana942,,
A very delicious and ripe banana943,,
A very delicious and ripe banana944,,
A very delicious and ripe banana945,,
A very delicious and ripe banana946,,
A very delicious and ripe banana947,,
A very delicious and ripe banana948,,
A very delicious and ripe banana949,,
A very delicious and ripe banana950,,
A very delicious and ripe banana951,,
A very delicious and ripe banana952,,
A very delicious and ripe banana953,,
A very delicious and ripe banana954,,
A very delicious and ripe banana955,,
A very delicious and ripe banana956,,
A very delicious and ripe banana957,,
A very delicious and ripe banana958,,
A very delicious and ripe banana959,,
A very delicious and ripe banana960,,
A very delicious and ripe banana961,,
A very delicious and ripe banana962,,
A very delicious and ripe banana963,,
A very delicious and ripe banana964,,
A very delicious and ripe banana965,,
A very delicious and ripe banana966,,
A very delicious and ripe banana967,,
A very delicious and ripe banana968,,
A very delicious and ripe banana969,,
A very delicious and ripe banana970,,
A very delicious and ripe banana971,,
A very delicious and ripe banana972,,
A very delicious and ripe banana973,,
A very delicious and ripe banana974,,
A very delicious and ripe banana975,,
A very delicious and ripe banana976,,
A very delicious and ripe banana977,,
A very delicious and ripe banana978,,
A very delicious and ripe banana979,,
A very delicious and ripe banana980,,
A very delicious and ripe banana981,,
A very delicious and ripe banana982,,
A very delicious and ripe banana983,,
A very delicious and ripe banana984,,
A very delicious and ripe banana985,,
A very delicious and ripe banana986,,
A very delicious and ripe banana987,,
A very delicious and ripe banana988,,
A very delicious and ripe banana989,,
A very delicious and ripe banana990,,
A very delicious and ripe banana991,,
A very delicious and ripe banana992,,
A very delicious and ripe banana993,,
A very delicious and ripe banana994,,
A very delicious and ripe banana995,,
A very delicious and ripe banana996,,
A very delicious and ripe banana997,,
A very delicious and ripe banana998,,
A very delicious and ripe banana999,,
A very delicious and ripe banana1000,,
Two ripe Avocados1 stone removed and mashed,Avocado,Avocado1
Two ripe Avocados1 stone removed and mashed,,Avocado 2
Two ripe Avocados1 stone removed and mashed,,
Two ripe Avocados1 stone removed and mashed,,
Two ripe Avocados1 stone removed and mashed,,
Two ripe Avocados1 stone removed and mashed,,
Two ripe Avocados1 stone removed and mashed,,
Two ripe Avocados1,,
Two ripe Avocados2,,
Two ripe Avocados3,,
Two ripe Avocados4,,
Two ripe Avocados5,,
Two ripe Avocados6,,
Two ripe Avocados7,,
Two ripe Avocados8,,
Two ripe Avocados9,,
Two ripe Avocados10,,
Two ripe Avocados11,,
Two ripe Avocados12,,
Two ripe Avocados13,,
Two ripe Avocados14,,
Two ripe Avocados15,,
Two ripe Avocados16,,
Two ripe Avocados17,,
Two ripe Avocados18,,
Two ripe Avocados19,,
Two ripe Avocados20,,
Two ripe Avocados21,,
Two ripe Avocados22,,
Two ripe Avocados23,,
Two ripe Avocados24,,
Two ripe Avocados25,,
Two ripe Avocados26,,
Two ripe Avocados27,,
Two ripe Avocados28,,
Two ripe Avocados29,,
Two ripe Avocados30,,
Two ripe Avocados31,,
Two ripe Avocados32,,
Two ripe Avocados33,,
Two ripe Avocados34,,
Two ripe Avocados35,,
Two ripe Avocados36,,
Two ripe Avocados37,,
Two ripe Avocados38,,
Two ripe Avocados39,,
Two ripe Avocados40,,
Two ripe Avocados41,,
Two ripe Avocados42,,
Two ripe Avocados43,,
Two ripe Avocados44,,
Two ripe Avocados45,,
Two ripe Avocados46,,
Two ripe Avocados47,,
Two ripe Avocados48,,
Two ripe Avocados49,,
Two ripe Avocados50,,
Two ripe Avocados51,,
Two ripe Avocados52,,
Full fat cream,Full fat cream,Full fat cream1
Whipping cream,,Full fat cream2
Full fat whipping cream,,Full fat cream3
Double cream,,Full fat cream4
Double cream,,Full fat cream5
Cream,,Full fat cream6
Apple1,Apples,
Apple2,,
Apple3,,
Apple4,,
Apple5,,
Apple6,,
Apple7,,
Apple8,,
Apple9,,
Apple10,,
Apple11,,
Apple12,,
Apple13,,
Apple14,,
Apple15,,
Apple16,,
Apple17,,
Apple18,,
Apple19,,
Apple20,,
Apple21,,
Apple22,,
Apple23,,
Apple24,,
Apple25,,
Apple26,,
Apple27,,